fonte,categoria,citta,nome,indirizzo,telefono,sito,descrizione,note
PagineGialle,palestre,Varese,Trova tutte le risposte alle tue esigenze.,"Via Speri della Chiesa Jemoli, 7 - 21100 Varese (VA)",,,,
PagineGialle,palestre,Varese,Centro benessere,"Via Silvestro Sanvito, 105 - 21100 Varese (VA)",,,,
PagineGialle,palestre,Varese,Centro benessere,"Viale Padre Gian Battista Aguggiari, 77 - 21100 Varese (VA)",,,,
PagineGialle,palestre,Varese,WhatsApp,"Via Giuseppe Bertini, 6 - 21100 Varese (VA)",,,,
PagineGialle,palestre,Varese,WhatsApp,"Via Correnti Cesare, 2 - 21100 Varese (VA)",,,,
PagineGialle,palestre,Varese,Piscina,"Via Sanvito Silvestro, 54 - 21100 Varese (VA)",0331 982232,,,
PagineGialle,palestre,Varese,Figurella di Mambretti Maurizio e C. S.n.c.,"Piazza Giovanni XXIII, 15 - 21100 Varese (VA)",0332 830920,,,
PagineGialle,palestre,Varese,Istanti di Armonia S.r.l.,"Via Cavour Camillo Benso Conte, 6 - 21100 Varese (VA)",0332 232481,,,
PagineGialle,palestre,Varese,Latin Paradise Club A.S.D.,"Via S. Maria Maddalena, 44 - 21100 Varese (VA)","349 0086042, 0332 195211319",,,
PagineGialle,palestre,Varese,WhatsApp,"Via Golgi Camillo, 2 - 21100 Varese (VA)",,,,
PagineGialle,palestre,Varese,WhatsApp,"Via Dalmazia, 15 - 21100 Varese (VA)",,,,
PagineGialle,palestre,Varese,Club Laguna Blu (New Way Fitness),"Via Garoni G., 7 - 21100 Varese (VA)","0332 281919, 351 2352806",,,
PagineGialle,palestre,Varese,Piscina,"Via Leonardo da Vinci, 7 - 21100 Varese (VA)",0331 982232,,,
PagineGialle,palestre,Varese,Sporting,"Via Correnti Cesare, 2 - 21100 Varese (VA)","0332 262304, 0332 262324, 0332 260257",,,
PagineGialle,palestre,Varese,Piscina,Via Aquileia - 21100 Varese (VA),0331 982232,,,
PagineGialle,palestre,Varese,Palestra Falaschi,"Via Don Luigi Gabbani, 1 - 21100 Varese (VA)","0332 255288, 0332 255269",,,
PagineGialle,palestre,Varese,Società Varesina di Ginnastica e Scherma A.S.D.,"Via Donatello, 1 - 21100 Varese (VA)","0332 831470, 375 5939237",,,
PagineGialle,palestre,Varese,WhatsApp,"Via Bidino, 20 - 21056 Induno Olona (VA)",,,,
PagineGialle,palestre,Varese,DifensIva ASD,"Via Olona, 29 - 21056 Induno Olona (VA)",320 1458721,,,
PagineGialle,palestre,Varese,"DifensIva ASD in Via Brunico 57 a Induno Olona (Va) offre corsi di difesa personale, Krav Maga e fitness funzionale.","Via Campo dei Fiori, 24 - 21056 Induno Olona (VA)",,,,
PagineGialle,palestre,Varese,Personal Trainer Studios,"Via Camillo Benso di Cavour, 6 - 21051 Arcisate (VA)","335 7041225, 0332 1692645",,,
PagineGialle,palestre,Varese,"Studio di Personal Trainer unico nel suo genere, con la vocazione salutistica","Via Cavour Camillo Benso Conte Di, 6 - 21051 Arcisate (VA)",,,,
PagineGialle,palestre,Varese,WhatsApp,"Via D. Alighieri, 5 - 21046 Malnate (VA)",,,,
PagineGialle,palestre,Varese,WhatsApp,Via Campagnola - 21045 Gazzada Schianno (VA),,,,
PagineGialle,palestre,Varese,Personal Trainer Studios,"Via Cavour Camillo Benso Conte Di, 6 - 21051 Arcisate (VA)","335 7041225, 0332 1692645",,,
PagineGialle,palestre,Varese,Personal Trainer Studios di Luciano Paonessa,"Via Camillo Benso di Cavour, 6 - 21051 Arcisate (VA)","335 7041225, 0332 1692645",,,
PagineGialle,palestre,Varese,WhatsApp,"Via Colli Renato, 3 - 21022 Azzate (VA)",,,,
PagineGialle,palestre,Varese,WhatsApp,"Via Previati Gaetano, 9 - 21056 Induno Olona (VA)",,,,
PagineGialle,palestre,Varese,Sport Club 12,"Via Olimpiade, 5 - 21056 Induno Olona (VA)",0332 202964,,,
PagineGialle,palestre,Varese,Palestra Fitness Point,"Via Giosuè Carducci, 7 - 21040 Sumirago (VA)",342 0135214,,,
PagineGialle,palestre,Varese,Fitness Point A.S.D.: La tua palestra di fiducia a Sumirago,"Via Nino Bixio, 18 - 21040 Vedano Olona (VA)",,,,
PagineGialle,palestre,Varese,WhatsApp,"Via Ponticello, 4 - 21020 Ternate (VA)",,,,
PagineGialle,palestre,Varese,WhatsApp,"Viale Ticino, 42 - 21026 Gavirate (VA)",,,,
PagineGialle,palestre,Varese,WhatsApp,"Via Giulio Cesare, 13 - 21040 Venegono Superiore (VA)",,,,
PagineGialle,palestre,Varese,Asd Lifeability,"Via Briantea, 1 - 21040 Vedano Olona (VA)",0332 861974,,,
PagineGialle,palestre,Varese,Carpe Diem Asd,"Via Oltrona, 9 - 21026 Gavirate (VA)",393 9788540,,,
PagineGialle,palestre,Varese,WhatsApp,"Via Chiesa Damiano, 22 - 21040 Venegono Inferiore (VA)",,,,
PagineGialle,palestre,Varese,Parcheggio,"Via Monte Grappa, 9 - 21040 Castronno (VA)",,,,
PagineGialle,palestre,Varese,WhatsApp,"Via Verdi, 4 - 21020 Daverio (VA)",,,,
PagineGialle,palestre,Varese,WhatsApp,"Via Roma, 47 - 21054 Fagnano Olona (VA)",,,,
PagineGialle,palestre,Varese,WhatsApp,"Via Madonna in Campagna, 10 - 21013 Gallarate (VA)",,,,
PagineGialle,palestre,Varese,WhatsApp,"Via Dante Alighieri, 42 - 21054 Fagnano Olona (VA)",,,,
PagineGialle,palestre,Varese,Scrivici,Piazza Giuseppe Mazzini - 21049 Tradate (VA),,,,
PagineGialle,palestre,Varese,WhatsApp,"Via Zanoni, 54 - 21037 Lavena Ponte Tresa (VA)",,,,
PagineGialle,palestre,Varese,WhatsApp,"Via 25 Aprile, 3 - 21040 Jerago con Orago (VA)",,,,
PagineGialle,palestre,Varese,Wifi gratuito,"Viale Carlo Cattaneo, 3 - 22100 Como (CO)",,,,
PagineGialle,palestre,Varese,WhatsApp,"Via Carlo Rossini, 58 - 21049 Tradate (VA)",,,,
PagineGialle,palestre,Varese,Fitclubssd,"Via Vittorio Veneto, 31 - 21055 Gorla Minore (VA)",0331 365488,,,
PagineGialle,palestre,Varese,Palestra New Life di Paronzini Pierluigi,"Corso 25 Aprile, 16 - 21016 Luino (VA)",338 9761084,,,
PagineGialle,palestre,Varese,WhatsApp,"Via Luigi Roncari, 43a - 21023 Besozzo (VA)",,,,
PagineGialle,palestre,Varese,Palestra privata su appuntamento,"Via Dell' Industria, 1 - 21018 Sesto Calende (VA)",,,,
PagineGialle,palestre,Varese,Sd Personal Trainer Official - Samuel D?Urso,"Via Trieste, 43 - 21023 Besozzo (VA)",329 6619710,,,
PagineGialle,palestre,Varese,WhatsApp,Via Provinciale per Bulgorello - 22070 Vertemate con Minoprio (CO),,,,
PagineGialle,palestre,Varese,Accademia Arti Marziali Piccolo Drago A.S.D.,"Via Luini Bernardino, 8 - 22073 Fino Mornasco (CO)","347 2669624, 393 0662919",,,
PagineGialle,palestre,Varese,WhatsApp,"Statale dei Giovi, 60 - 22070 Grandate (CO)",,,,
PagineGialle,palestre,Varese,Alessandro Miazzo Personal Trainer,Via Spluga - 22070 Casnate con Bernate (CO),342 8581112,,,
PagineGialle,palestre,Varese,WhatsApp,"Via per Veniano, 36 - 22070 Lurago Marinone (CO)",,,,
PagineGialle,palestre,Varese,Piscina,"Via Volta Alessandro, 53 - 22100 Como (CO)",0331 982232,,,
PagineGialle,palestre,Varese,WhatsApp,"Via Regina Teodolinda, 17 - 22100 Como (CO)",,,,
PagineGialle,palestre,Varese,Applefit S.r.l. in Liquidazione,"Via S. Giorgio, 1 - 21057 Olgiate Olona (VA)",0331 320818,,,
PagineGialle,palestre,Varese,Asd Dance Club,"Via Roma, 16 - 22070 Limido Comasco (CO)","339 8949897, 031 890437, 031 5376219",,,
PagineGialle,palestre,Varese,Piscina,"Via Roma, 14 - 28053 Castelletto sopra Ticino (NO)",0331 982232,,,
PagineGialle,palestre,Varese,WhatsApp,"Via del Rile, 48 - 21019 Somma Lombardo (VA)",,,,
PagineGialle,palestre,Varese,WhatsApp,"Via Mugiasca, 9 - 22100 Como (CO)",,,,
PagineGialle,palestre,Varese,Broglio Joseph Giorgio,"Via S. Anna, 9 - 21034 Cocquio-Trevisago (VA)","0332 988041, 348 8151312",,,
PagineGialle,palestre,Varese,WhatsApp,"Via Varese, 9 - 22076 Mozzate (CO)",,,,
PagineGialle,palestre,Varese,Centro Como di Naselli Marianna & C. S.a.s.,"Via S. Eutichio, 3 - 22100 Como (CO)","335 5449824, 333 4604995, 338 7193494",,,
PagineGialle,palestre,Varese,WhatsApp,"Via Carabelli, 2 - 21040 Oggiona con Santo Stefano (VA)",,,,
PagineGialle,palestre,Varese,WhatsApp,"Via Cittiglio, 8 - 21014 Laveno Mombello (VA)",,,,
PagineGialle,palestre,Varese,Piscina,"Piazza Moro A., 8 - 21037 Lavena Ponte Tresa (VA)",0331 982232,,,
PagineGialle,palestre,Varese,Como Fitness Club,"Via Einaudi Luigi, 4 - 22100 Como (CO)",031 262355,,,
PagineGialle,palestre,Varese,Comune di Fagnano Olona,Via De Amicis Edmondo - 21054 Fagnano Olona (VA),0331 618742,,,
PagineGialle,palestre,Varese,Cyborg Fitness Soc. Sport. Dil. S.r.l.,"Via Sempione, 159 - 28053 Castelletto sopra Ticino (NO)",333 6290029,,,
PagineGialle,palestre,Varese,WhatsApp,"Via Leonardo da Vinci, 121 - 21044 Cavaria con Premezzo (VA)",,,,
PagineGialle,palestre,Varese,Figurella Luino di Lia e Sara D'Andrea & C. S.n.c.,"Via XV Agosto 1848, 7 - 21016 Luino (VA)",0332 510901,,,
PagineGialle,palestre,Varese,Fit Project Asd,"Via Cattaneo Carlo, 3 - 21018 Sesto Calende (VA)",0331 923124,,,
PagineGialle,palestre,Varese,Fitness Casorate S.r.l.,"Via Sempione, 27 - 21011 Casorate Sempione (VA)",0331 655753,,,
PagineGialle,palestre,Varese,Fitness Castelletto Ticino S.r.l.,"Via Tripolitania, 5 - 28053 Castelletto sopra Ticino (NO)",0331 847790,,,
PagineGialle,palestre,Varese,Fitness Cislago S.r.l.,"Via Battisti Cesare, 1473 - 21040 Cislago (VA)",02 96382082,,,
PagineGialle,palestre,Varese,Fitness Project S.r.l.,"Via Fagnano Olona, 29 - 21052 Busto Arsizio (VA)",0331 621117,,,
PagineGialle,palestre,Varese,Fitness Service di Giansanti Cesare,"Via Venegoni Mauro, 23 - 21012 Cassano Magnago (VA)",0331 203349,,,
PagineGialle,palestre,Varese,Fitness Service di Giansanti Cesare,"Via Verdi Giuseppe, 10 - 21012 Cassano Magnago (VA)",0331 203349,,,
PagineGialle,palestre,Varese,WhatsApp,"Via Nazionale, 3 - 22070 Vertemate con Minoprio (CO)",,,,
PagineGialle,palestre,Varese,Free Weights di Pedrabissi Ettore & C. S.a.s.,"Via Monte Generoso, 19 - 22074 Lomazzo (CO)",02 45892041,,,
PagineGialle,palestre,Varese,Freedom S.r.l.,"Corso Cavour, 110 - 28040 Dormelletto (NO)",0322 497710,,,
PagineGialle,palestre,Varese,Piscina,"Via Mottarone, 3 - 21013 Gallarate (VA)",0331 982232,,,
PagineGialle,palestre,Varese,WhatsApp,"Via Milano, 114 - 21019 Somma Lombardo (VA)",,,,
PagineGialle,palestre,Varese,Gym'Studio S.r.l.,"Via Lombardia, 49 - 21013 Gallarate (VA)","0331 774513, 329 0093740",,,
PagineGialle,palestre,Varese,WhatsApp,"Via Risorgimento, 23 - 22070 Lurago Marinone (CO)",,,,
PagineGialle,palestre,Varese,La Palestra di Moretti Dario & C. S.n.c.,"Via dei Ronchi, 8 - 21058 Solbiate Olona (VA)",0331 375484,,,
PagineGialle,palestre,Varese,Linea e Salute Associazione Sportiva Dilettantistica,"Via Galilei Galileo, 1 - 21019 Somma Lombardo (VA)",0331 251248,,,
PagineGialle,palestre,Varese,Linea e Salute Wellness Club S.S.D. a R.L.,"Via del Rile, 72 - 21019 Somma Lombardo (VA)",0331 251248,,,
PagineGialle,palestre,Varese,Luna e Sole Yoga e Ayurveda,"Via De Simoni Carlo, 15 - 21049 Tradate (VA)",324 6021682,,,
PagineGialle,palestre,Varese,WhatsApp,"Via Manzoni, 5 - 21040 Jerago con Orago (VA)",,,,
PagineGialle,palestre,Varese,Millennium Wellness,"Via Madonna in Campagna, 10 - 21013 Gallarate (VA)","0331 782040, 351 5709063",,,
PagineGialle,palestre,Varese,Millennium Wellness Gallarate,"Via Madonna in Campagna, 10 - 21013 Gallarate (VA)","0331 782040, 351 5709063",,,
PagineGialle,palestre,Varese,WhatsApp,"Via Varese, 128 - 22076 Mozzate (CO)",,,,
PagineGialle,palestre,Varese,New Fisicomania di Grimoldi Ferruccio,"Via Marconi, 3/A - 22070 Locate Varesino (CO)",0331 832720,,,
PagineGialle,palestre,Varese,New Way Societa' Sportiva,"Via Guanella Don, 32 - 21062 Cadrezzate con Osmate (VA)","331 2255373, 329 5459580, 0332 281919",,,
PagineGialle,palestre,Varese,WhatsApp,Via della Industria - 22070 Cassina Rizzardi (CO),,,,
PagineGialle,palestre,Varese,Piscina,"Via Regina Teodolinda, 17 - 22100 Como (CO)",0331 982232,,,
PagineGialle,palestre,Varese,WhatsApp,"Via Passerini, 16 - 21049 Tradate (VA)",,,,
PagineGialle,palestre,Varese,WhatsApp,"Via Isonzo, 29 - 21054 Fagnano Olona (VA)",,,,
PagineGialle,palestre,Varese,Palestra Negretti,"Via dei Partigiani, 8 - 22100 Como (CO)",031 264226,,,
PagineGialle,palestre,Varese,Palestra Perfect Gym,"Via Albostro Roggiano, 15 - 21030 Brissago-Valtravaglia (VA)",0332 576830,,,
PagineGialle,palestre,Varese,Palestra Siskj,"Via Roma, 60 - 28041 Arona (NO)","0322 199154, 348 0410622, 333 6179106",,,
PagineGialle,palestre,Varese,WhatsApp,"Viale Milano, 53 - 21013 Gallarate (VA)",,,,
PagineGialle,palestre,Varese,Palextra Fitness Club Societa' Cooperativa,"Strada Vic. San Fabiano, 0 - 28040 Borgo Ticino (NO)",0321 908148,,,
PagineGialle,palestre,Varese,Paronzini Pierluigi,"Corso XXV Aprile 1945, 16 - 21016 Luino (VA)",338 9761084,,,
PagineGialle,palestre,Varese,Personal Trainer -Preparzione Atletica - Mg Fitness di Gorbani Massimo,"Via Castel Baradello, 12 - 22100 Como (CO)",333 6720558,,,
PagineGialle,palestre,Varese,WhatsApp,"Via Caleffino, 16 - 22100 Como (CO)",,,,
PagineGialle,palestre,Varese,Societa' Ginnastica Virtus,"Via Magenta, 19 - 21013 Gallarate (VA)",0331 796508,,,
PagineGialle,palestre,Varese,Societa' Sportiva Dilettantistica Diamond Gym S.r.l.,"Via Asiago, 27/A - 22100 Como (CO)","0331 920179, 0331 922124",,,
PagineGialle,palestre,Varese,Spa Cassina Rizzardi,Via Dell' Artigianato - 22070 Cassina Rizzardi (CO),347 6105700,,,
PagineGialle,palestre,Varese,WhatsApp,"Via Alessandro Volta, 45 - 21040 Oggiona con Santo Stefano (VA)",,,,
PagineGialle,palestre,Varese,Spirito Sportivo Societa' Sportiva Dilettantistica a Responsabilita' Limitata,Via Lombardia - 21013 Gallarate (VA),"348 7946400, 349 2803945",,,
PagineGialle,palestre,Varese,WhatsApp,"Via del Lavoro, 31 - 21048 Solbiate Arno (VA)",,,,
PagineGialle,palestre,Varese,WhatsApp,"Via Oberdan Guglielmo, 7 - 21010 Cardano al Campo (VA)",,,,
PagineGialle,palestre,Varese,Top Form Club di Estoni Aldo A.S.D.,"Via Roma, 18 - 22079 Villa Guardia (CO)",348 9003405,,,
PagineGialle,palestre,Varese,WhatsApp,"Via Varesina, 44 - 21040 Jerago con Orago (VA)",,,,
PagineGialle,palestre,Varese,Up Level Signy S.r.l.,"Viale Milano, 99 - 21013 Gallarate (VA)",0331 330909,,,
PagineGialle,palestre,Varese,You - Fitness Studio,"Piazza Risorgimento, 11 - 21013 Gallarate (VA)","339 4666290, 339 3168033, 0331 348015",,,
PagineGialle,palestre,Varese,WhatsApp,"Viale Milano, 155 - 21013 Gallarate (VA)",,,,
PagineGialle,palestre,Varese,20hours Gyms - Club Como,"Via Ciceri Teresa, 23 - 22100 Como (CO)","031 2249345, 331 1305498",,,
PagineGialle,palestre,Varese,WhatsApp,Via Monte Rosa - 22079 Villa Guardia (CO),,,,
PagineGialle,palestre,Varese,WhatsApp,"Via Puecher Giancarlo, 6 - 22100 Como (CO)",,,,
PagineGialle,palestre,Varese,Piscina,"Via Deledda Grazia, 2 - 22100 Como (CO)",0331 982232,,,
PagineGialle,palestre,Varese,Eracle Sport Center,"Via Fittavolo, 2 - 22042 San Fermo della Battaglia (CO)","348 8587960, 031 535097",,,
PagineGialle,palestre,Varese,Piscina,"Via Magenta, 20 - 22100 Como (CO)",0331 982232,,,
PagineGialle,palestre,Varese,Joy Fit,"Via Pertini Sandro, 2 - 22071 Cadorago (CO)","031 903919, 340 7755797",,,
PagineGialle,palestre,Varese,WhatsApp,"Via XX Settembre, 14 - 21013 Gallarate (VA)",,,,
PagineGialle,palestre,Varese,Piscina,"Via Col di Lana, 3/A - 22100 Como (CO)",0331 982232,,,
PagineGialle,palestre,Varese,Ng Fitness,"Via Socrate, 8 - 22070 Casnate con Bernate (CO)",031 525106,,,
PagineGialle,palestre,Varese,Palestra Mariani,Via Tomaso Perti - 22100 Como (CO),031 252509,,,
PagineGialle,palestre,Varese,Piscina Comunale Spes Sport,"Via Palestro, 5 - 21019 Somma Lombardo (VA)",0331 982232,,,
PagineGialle,palestre,Varese,Piscina,Via Fiume - 22100 Como (CO),0331 982232,,,
PagineGialle,palestre,Varese,Palestra Mcfit Como,Via Franklin Delano Roosevelt 2/A - 22100 Como (CO),02 35950432,,,
PagineGialle,palestre,Varese,Palestra Comunale Bulgarograsso,"Via del Ravarino, 3 - 22070 Bulgarograsso (CO)",031 890150,,,
PagineGialle,palestre,Varese,Palestra Fitness Center,"Via Guanella Don, 116 - 21020 Cadrezzate con Osmate (VA)","349 0836559, 393 490836559, 333 8798648",,,
PagineGialle,palestre,Varese,WhatsApp,"Via Giulini Giorgio, 22 - 22100 Como (CO)",,,,
PagineGialle,palestre,Varese,Fit Express,"Via Alfonso La Marmora, 17 - 28921 Intra (VB)",0323 404006,,,
PagineGialle,palestre,Varese,Centro estetico,"Viale Luigi Cadorna, 15 - 21052 Busto Arsizio (VA)",,,,
PagineGialle,palestre,Varese,WhatsApp,"Corso Italia, 64 - 21052 Busto Arsizio (VA)",,,,
PagineGialle,palestre,Varese,WhatsApp,"Via De Gasperi Alcide, 19 - 22072 Cermenate (CO)",,,,
PagineGialle,palestre,Varese,WhatsApp,"Via Menotti Ciro, 27 - 22063 Cantù (CO)",,,,
PagineGialle,palestre,Varese,Piscina,"Viale Rimembranze, 20 - 21053 Castellanza (VA)",0331 982232,,,
PagineGialle,palestre,Varese,Combat Soul Assoc. Sportiva Dilettant.,"Via Girolamo Miani, 4 - 21052 Busto Arsizio (VA)",0331 024995,,,
PagineGialle,palestre,Varese,Elite S.r.l.,"Via Lamarmora Alfonso, 17 - 28921 Verbania (VB)",0323 404006,,,
PagineGialle,palestre,Varese,Farinato Christian,"Via Toti Enrico, 8/B - 21057 Olgiate Olona (VA)","0331 376960, 339 3198290",,,
PagineGialle,palestre,Gallarate,Trova tutte le risposte alle tue esigenze.,"Via Madonna in Campagna, 10 - 21013 Gallarate (VA)",,,,
PagineGialle,palestre,Gallarate,"Millennium Wellness, la tua palestra di fiducia a Gallarate.","Via Mottarone, 3 - 21013 Gallarate (VA)",,,,
PagineGialle,palestre,Gallarate,WhatsApp,"Via Lombardia, 49 - 21013 Gallarate (VA)",,,,
PagineGialle,palestre,Gallarate,WhatsApp,"Viale Milano, 99 - 21013 Gallarate (VA)",,,,
PagineGialle,palestre,Gallarate,Life Village,"Via XX Settembre, 14 - 21013 Gallarate (VA)","0331 1852014, 348 8138870",,,
PagineGialle,palestre,Gallarate,Piscina,"Via Venegoni Mauro, 23 - 21012 Cassano Magnago (VA)",0331 982232,,,
PagineGialle,palestre,Gallarate,Movens Art - Studio Danza Giulia,"Via 25 Aprile, 3 - 21040 Jerago con Orago (VA)",333 5931785,,,
PagineGialle,palestre,Gallarate,MOVENS ART DI JERAGO CON ORAGO (VA) unisce due discipline: danza e fitness.,"Via Carabelli, 2 - 21040 Oggiona con Santo Stefano (VA)",,,,
PagineGialle,palestre,Gallarate,WhatsApp,Via De Amicis Edmondo - 21054 Fagnano Olona (VA),,,,
PagineGialle,palestre,Gallarate,Dea S.r.l.,"Via Leonardo da Vinci, 121 - 21044 Cavaria con Premezzo (VA)",0331 218873,,,
PagineGialle,palestre,Gallarate,Mabi Fitness Club Societa' Sportiva Dilettantistica a R.L.,"Via Manzoni, 5 - 21040 Jerago con Orago (VA)","0331 218126, 0331 1894401",,,
PagineGialle,palestre,Gallarate,Spazio Tempo Associazione Sportiva Dilettantistica,"Via Alessandro Volta, 45 - 21040 Oggiona con Santo Stefano (VA)",0331 734699,,,
PagineGialle,palestre,Gallarate,Ufficio,"Via Varesina, 44 - 21040 Jerago con Orago (VA)",0331 1482141,,,
PagineGialle,palestre,Gallarate,I D F Studio - Imperial Dance Fitness,"Via Roma, 47 - 21054 Fagnano Olona (VA)","0331 311478, 391 4049827",,,
PagineGialle,palestre,Gallarate,WhatsApp,"Via Giosuè Carducci, 7 - 21040 Sumirago (VA)",,,,
PagineGialle,palestre,Gallarate,Fit Express - Busto Arsizio,"Viale Luigi Cadorna, 15 - 21052 Busto Arsizio (VA)",392 3837927,,,
PagineGialle,palestre,Gallarate,WhatsApp,"Via Vittorio Veneto, 31 - 21055 Gorla Minore (VA)",,,,
PagineGialle,palestre,Gallarate,Osteofit Center A.s.d • Palestra Busto Arsizio,"Corso Italia, 64 - 21052 Busto Arsizio (VA)",0331 1883979,,,
PagineGialle,palestre,Gallarate,WhatsApp,"Viale Rimembranze, 20 - 21053 Castellanza (VA)",,,,
PagineGialle,palestre,Gallarate,Associazione Sportiva Ken Kyu Kai Sporting Libertas,"Via del Rile, 48 - 21019 Somma Lombardo (VA)",0331 734699,,,
PagineGialle,palestre,Gallarate,WhatsApp,"Via Girolamo Miani, 4 - 21052 Busto Arsizio (VA)",,,,
PagineGialle,palestre,Gallarate,Crossfit20020 - Palestra The Club Fitness,"Via Milano, 5 - 20020 Vanzaghello (MI)",348 8914512,,,
PagineGialle,palestre,Gallarate,WhatsApp,"Via Toti Enrico, 8/B - 21057 Olgiate Olona (VA)",,,,
PagineGialle,palestre,Gallarate,WhatsApp,"Via Matteotti Giacomo, 14 - 21053 Castellanza (VA)",,,,
PagineGialle,palestre,Gallarate,Fratelli Li Fit S.r.l.,"Via Minzoni Don Giovanni, 29 - 21053 Castellanza (VA)",0331 317405,,,
PagineGialle,palestre,Gallarate,Fun4fit,"Via Osimo, 1 - 21052 Busto Arsizio (VA)","393 8532076, 328 3682426",,,
PagineGialle,palestre,Gallarate,WhatsApp,"Via Sardegna, 66 - 20020 Magnago (MI)",,,,
PagineGialle,palestre,Gallarate,Golden Gym S.n.c. di Cuda Antonio & C.,"Via Indipendenza, 2/C - 21052 Busto Arsizio (VA)",338 2096037,,,
PagineGialle,palestre,Gallarate,WhatsApp,"Via Novara, 5 - 21015 Lonate Pozzolo (VA)",,,,
PagineGialle,palestre,Gallarate,Motricita' Ginnastica di Colombo Francesco S.r.l.,"Via Magenta, 12 - 21052 Busto Arsizio (VA)",0331 620538,,,
PagineGialle,palestre,Gallarate,Olympus Fitness Club,"Via Osimo, 1 - 21052 Busto Arsizio (VA)","031 921454, 0332 823351",,,
PagineGialle,palestre,Gallarate,Palestra Body Up,"Via Passerini, 16 - 21049 Tradate (VA)","0331 314621, 331 1085197, 0331 655726",,,
PagineGialle,palestre,Gallarate,WhatsApp,"Via Monte Grappa, 9 - 21040 Castronno (VA)",,,,
PagineGialle,palestre,Gallarate,Polisportiva Bu Do Kan,"Via Dante Alighieri, 5 - 21052 Busto Arsizio (VA)",0331 632301,,,
PagineGialle,palestre,Gallarate,Rehab & Fitness Division di F.lli Forte S.r.l.,"Viale Europa, 39 - 21017 Samarate (VA)",0331 234043,,,
PagineGialle,palestre,Gallarate,Sempione S.r.l. Sportiva Dilettantistica,"Via per Castellanza, 15 - 20025 Legnano (MI)","0331 689140, 351 8055095",,,
PagineGialle,palestre,Gallarate,WhatsApp,"Via della Pergola, 17/B - 21052 Busto Arsizio (VA)",,,,
PagineGialle,palestre,Gallarate,WhatsApp,"Via Asti, 5 - 21053 Castellanza (VA)",,,,
PagineGialle,palestre,Gallarate,Studio La Sequoia,"Via del Lavoro, 31 - 21048 Solbiate Arno (VA)",328 1795529,,,
PagineGialle,palestre,Gallarate,WhatsApp,"Via delle Allodole, 1 - 21052 Busto Arsizio (VA)",,,,
PagineGialle,palestre,Gallarate,Mondo Domani,"Via Pascoli Giovanni, 222 - 21050 Marnate (VA)",0331 601097,,,
PagineGialle,palestre,Gallarate,Piscina,"Via Palestro, 5 - 21019 Somma Lombardo (VA)",0331 982232,,,
PagineGialle,palestre,Gallarate,Piscina,"Viale Europa, 39 - 21017 Samarate (VA)",0331 982232,,,
PagineGialle,palestre,Gallarate,Palestra Mcfit Busto Arsizio,Via Busona 13 - 21052 Busto Arsizio (VA),02 35950432,,,
PagineGialle,palestre,Gallarate,Palestra Skorpions,"Viale Padre Gian Battista Aguggiari, 77 - 21100 Varese (VA)","0332 235298, 375 8888538",,,
PagineGialle,palestre,Gallarate,WhatsApp,"Via Silvestro Sanvito, 105 - 21100 Varese (VA)",,,,
PagineGialle,palestre,Gallarate,Centro benessere,"Via Cristoforo Negri, 8 - 28047 Oleggio (NO)",,,,
PagineGialle,palestre,Gallarate,L'Albero dei Karismi Centro Yoga ad Oleggio (NO) vi aspetta con corsi yoga e di meditazione,"Via Speri della Chiesa Jemoli, 7 - 21100 Varese (VA)",380 7021616,,,
PagineGialle,palestre,Gallarate,Centro benessere,"Via Nino Bixio, 18 - 21040 Vedano Olona (VA)",,,,
PagineGialle,palestre,Gallarate,WhatsApp,"Via Isonzo, 160 - 21042 Caronno Pertusella (VA)",,,,
PagineGialle,palestre,Gallarate,Gym House - Fitness,"Viale Europa, 83 - 20010 Ossona (MI)",02 28092315,,,
PagineGialle,palestre,Gallarate,Salute Motoria ASD,"Via Alberto da Giussano, 8 - 20025 Legnano (MI)",375 5514148,,,
PagineGialle,palestre,Gallarate,WhatsApp,"Via Ticino, 2/B - 28043 Bellinzago Novarese (NO)",,,,
PagineGialle,palestre,Gallarate,"Chinesiologo e Personal Trainer, programmi su misura per dimagrimento, mobilità articolare e aumento massa muscolare.","Via Torquato Tasso, 13a - 20025 Legnano (MI)",,,,
PagineGialle,palestre,Gallarate,Palestre Italiane S.r.l.,Via per Canegrate - 20025 Legnano (MI),"0331 400855, 0331 411000",,,
PagineGialle,palestre,Gallarate,Palestre Italiane S.r.l.,"Via Wagner, 18 - 20025 Legnano (MI)","0331 400855, 0331 411000",,,
PagineGialle,palestre,Gallarate,Palestre Sporting S.r.l.,"Via Correnti Cesare, 2 - 21100 Varese (VA)","0332 262304, 0332 262324, 0332 260257",,,
PagineGialle,palestre,Gallarate,Piscina,"Via del del Fante Cosimo, 19 - 20025 Legnano (MI)",0331 982232,,,
PagineGialle,palestre,Gallarate,Area51 S.r.l.,"Via Busnelli Padre, 44 - 21047 Saronno (VA)",02 96280378,,,
PagineGialle,palestre,Gallarate,New Fit Societa' Sportiva Dilettantistica a Responsabilita' Limitata - in Breve New Fit S.S.D.R.L.,"Via Dell' Industria, 1 - 21018 Sesto Calende (VA)","0331 920179, 0331 922124",,,
PagineGialle,palestre,Gallarate,Lady Fitness,"Via Gigante, 13 - 20025 Legnano (MI)",380 5700000,,,
PagineGialle,palestre,Gallarate,20 Hours Club,Via Provinciale per Bulgorello - 22070 Vertemate con Minoprio (CO),031 901030,,,
PagineGialle,palestre,Gallarate,Alpacom di Zanardi P.,"Via per Veniano, 36 - 22070 Lurago Marinone (CO)",328 5667385,,,
PagineGialle,palestre,Gallarate,Piscina,"Via Manzoni Alessandro, 143 - 21040 Uboldo (VA)",0331 982232,,,
PagineGialle,palestre,Gallarate,Piscina,"Via Briantea, 1 - 21040 Vedano Olona (VA)",0331 982232,,,
PagineGialle,palestre,Gallarate,Associazione Sportiva Dilettantistica Albatros,"Via Puccini Giacomo, 13 - 20045 Lainate (MI)",0331 734699,,,
PagineGialle,palestre,Gallarate,WhatsApp,"Via Roma, 14 - 28053 Castelletto sopra Ticino (NO)",,,,
PagineGialle,palestre,Gallarate,WhatsApp,"Via Roma, 6 - 28013 Gattico-Veruno (NO)",,,,
PagineGialle,palestre,Gallarate,Bellavista Societa' Polisportiva Dilettantistica S.r.l.,Via Campagnola - 21045 Gazzada Schianno (VA),"0332 1760571, 0332 1760570",,,
PagineGialle,palestre,Gallarate,Centro Educazione Fisica Mario Corrias Ass. Sport.Dilettant,"Via Monte Bianco, 19 - 21047 Saronno (VA)","02 9622570, 329 5476136",,,
PagineGialle,palestre,Gallarate,WhatsApp,"Via Dante Alighieri, 7 - 20013 Magenta (MI)",,,,
PagineGialle,palestre,Gallarate,WhatsApp,"Via XXIV Maggio, 26 - 20020 Busto Garolfo (MI)",,,,
PagineGialle,palestre,Gallarate,WhatsApp,"Via Milano, 23 - 20010 Santo Stefano Ticino (MI)",,,,
PagineGialle,palestre,Gallarate,WhatsApp,"Via Roma, 107 - 20010 San Giorgio su Legnano (MI)",,,,
PagineGialle,palestre,Gallarate,Evexia S.r.l.,"Via Sanvito Silvestro, 54 - 21100 Varese (VA)",0332 620251,,,
PagineGialle,palestre,Gallarate,Evofit Societa' Sportiva Dilettantistica a Responsabilita' Limitata,"Via Bergamo, 605 - 21042 Caronno Pertusella (VA)",02 9655516,,,
PagineGialle,palestre,Gallarate,Piscina,"Via per Canegrate, 4 - 20025 Legnano (MI)",0331 982232,,,
PagineGialle,palestre,Gallarate,Fisiodomani di Randazzo M.,"Corso Italia, 82 - 21047 Saronno (VA)",02 9624606,,,
PagineGialle,palestre,Gallarate,Fit For Relax Associazione Sportiva Dilettantistica,"Vicolo Rossini, 4 - 28066 Galliate (NO)","0321 863289, 348 7281396, 351 8161882",,,
PagineGialle,palestre,Gallarate,WhatsApp,"Via Verga Giovanni, 16 - 20027 Rescaldina (MI)",,,,
PagineGialle,palestre,Gallarate,Fit Project Societa' Sportiva Dilettantistica a R.L.,"Via Clerici Giampietro, 30 - 21040 Gerenzano (VA)",02 96489560,,,
PagineGialle,palestre,Gallarate,Fitness Arluno S.r.l.,"Via Enzo Ferrari, 31 - 20010 Arluno (MI)","02 39286404, 02 85685438",,,
PagineGialle,palestre,Gallarate,Fitness Class Cuggiono A.S.D.,"Via Badi, 46 - 20012 Cuggiono (MI)",02 97240280,,,
PagineGialle,palestre,Gallarate,Free Weights di Pedrabissi Ettore & C. S.a.s.,"Via S. Rocco, 78 - 22070 Bregnano (CO)",031 773061,,,
PagineGialle,palestre,Gallarate,Piscina,"Viale Europa, 83 - 20010 Ossona (MI)",0331 982232,,,
PagineGialle,palestre,Gallarate,Gymnasion Palestra,"Via Europa, 6 - 20028 San Vittore Olona (MI)","351 9570553, 347 5219575",,,
PagineGialle,palestre,Gallarate,Hana - Wa Ni,"Via Risorgimento, 23 - 22070 Lurago Marinone (CO)",031 937615,,,
PagineGialle,palestre,Gallarate,Judo Club Legnano,"Via Calatafimi, 1 - 20025 Legnano (MI)",0331 594066,,,
PagineGialle,palestre,Gallarate,Parcheggio,"Via Caldara, 18 - 20020 Lainate (MI)",,,,
PagineGialle,palestre,Gallarate,New Fisicomania di Grimoldi Ferruccio,"Via Varese, 128 - 22076 Mozzate (CO)",0331 832720,,,
PagineGialle,palestre,Gallarate,Piscina,"Piazza della Vittoria, 16 - 20015 Parabiago (MI)",0331 982232,,,
PagineGialle,palestre,Gallarate,WhatsApp,"Strada Vic. San Fabiano, 0 - 28040 Borgo Ticino (NO)",,,,
PagineGialle,palestre,Gallarate,Panthers Lauri - Liceo Pugilistico di Varese,"Via Golgi Camillo, 2 - 21100 Varese (VA)",340 9525433,,,
PagineGialle,palestre,Gallarate,WhatsApp,"Via Re Umberto, 45 - 20045 Lainate (MI)",,,,
PagineGialle,palestre,Gallarate,WhatsApp,"Via 32 Ticinese, 15 - 28050 Pombia (NO)",,,,
PagineGialle,palestre,Gallarate,Runners S.r.l. - Societa' Sportiva Dilettantistica a Responsabilita' Limitata,"Via Maestri del Lavoro, 13 - 21047 Saronno (VA)","02 96870154, 02 96870155",,,
PagineGialle,palestre,Gallarate,San Vittore Olona Fitness S.r.l.,"Via Bellini, 2 - 20028 San Vittore Olona (MI)",0331 517233,,,
PagineGialle,palestre,Gallarate,Sistemha Sport - Salute - Forma Societa' Sportiva Dilettantisticaa R.L.,"Corso Italia, 37 - 21047 Saronno (VA)","02 96709100, 370 3485582, 370 3485582",,,
PagineGialle,palestre,Gallarate,WhatsApp,"Via Parini, 1 - 21047 Saronno (VA)",,,,
PagineGialle,palestre,Gallarate,WhatsApp,Via Dell' Artigianato - 22070 Cassina Rizzardi (CO),,,,
PagineGialle,palestre,Gallarate,WhatsApp,Piazza La Malfa Ugo - 21047 Saronno (VA),,,,
PagineGialle,palestre,Gallarate,WhatsApp,"Via Roma, 18 - 22079 Villa Guardia (CO)",,,,
PagineGialle,palestre,Gallarate,WhatsApp,"Via Europa Unita, 82 - 22072 Cermenate (CO)",,,,
PagineGialle,palestre,Gallarate,Vodnar Francisc,"Via Colli Renato, 3 - 21022 Azzate (VA)",346 2242607,,,
PagineGialle,palestre,Gallarate,WhatsApp,"Via Olona, 29 - 21056 Induno Olona (VA)",,,,
PagineGialle,palestre,Luino,Un assistente personale a tua disposizione!,"Corso 25 Aprile, 16 - 21016 Luino (VA)",,,,
PagineGialle,palestre,Luino,WhatsApp,"Via XV Agosto 1848, 7 - 21016 Luino (VA)",,,,
PagineGialle,palestre,Luino,Palestra di Roccia - Il Cinzanino - Ristoro,Localita' Cinzanino Palestra di Roccia - 21061 Maccagno con Pino e Veddasca (VA),695 05741,,,
PagineGialle,palestre,Luino,Fit and Go PonteTresa,"Via Zanoni, 54 - 21037 Lavena Ponte Tresa (VA)",375 9749732,,,
PagineGialle,palestre,Luino,WhatsApp,"Piazza Moro A., 8 - 21037 Lavena Ponte Tresa (VA)",,,,
PagineGialle,palestre,Luino,Centro benessere,"Via Alfonso La Marmora, 17 - 28921 Intra (VB)",,,,
PagineGialle,palestre,Luino,Centro estetico,"Via Speri della Chiesa Jemoli, 7 - 21100 Varese (VA)",,,,
PagineGialle,palestre,Luino,Centro benessere,"Viale Ticino, 42 - 21026 Gavirate (VA)",,,,
PagineGialle,palestre,Luino,WhatsApp,"Via Camillo Benso di Cavour, 6 - 21051 Arcisate (VA)",,,,
PagineGialle,palestre,Luino,"Studio di Personal Trainer unico nel suo genere, con la vocazione salutistica","Via Giuseppe Bertini, 6 - 21100 Varese (VA)",,,,
PagineGialle,palestre,Luino,Palestra privata su appuntamento,"Via Trieste, 43 - 21023 Besozzo (VA)",,,,
PagineGialle,palestre,Luino,WhatsApp,"Via Cavour Camillo Benso Conte Di, 6 - 21051 Arcisate (VA)",,,,
PagineGialle,palestre,Luino,WhatsApp,"Via S. Anna, 9 - 21034 Cocquio-Trevisago (VA)",,,,
PagineGialle,palestre,Luino,WhatsApp,"Via Oltrona, 9 - 21026 Gavirate (VA)",,,,
PagineGialle,palestre,Luino,Piscina,"Via Lamarmora Alfonso, 17 - 28921 Verbania (VB)",,,,
PagineGialle,palestre,Luino,Gymnic Club - Best Price,"Via Bidino, 20 - 21056 Induno Olona (VA)",0332 203502,,,
PagineGialle,palestre,Luino,WhatsApp,"Via Franzosini Leopoldo, 33/A - 28921 Verbania (VB)",,,,
PagineGialle,palestre,Luino,Centro Sport Varese,"Via Dalmazia, 15 - 21100 Varese (VA)",0332 335175,,,
PagineGialle,palestre,Luino,Centro benessere,"Via Volturno, 44 - 28921 Verbania (VB)",,,,
PagineGialle,palestre,Luino,Full Center Fitness,"Via Muller Maurizio, 33 - 28921 Verbania (VB)",0323 344862,,,
PagineGialle,palestre,Luino,Kodokan Varese,"Via Leonardo da Vinci, 7 - 21100 Varese (VA)",0332 288803,,,
PagineGialle,palestre,Luino,Mb Tennis Team Asd,"Via Previati Gaetano, 9 - 21056 Induno Olona (VA)",0332 202400,,,
PagineGialle,palestre,Luino,New Center,"Via Alpi Giulie, 18 - 28921 Verbania (VB)",0323 402422,,,
PagineGialle,palestre,Luino,Sana Postura Ternate,"Via Ponticello, 4 - 21020 Ternate (VA)",333 7585590,,,
PagineGialle,palestre,Luino,Piscina,"Via D. Alighieri, 5 - 21046 Malnate (VA)",,,,
PagineGialle,palestre,Luino,WhatsApp,"Via Guanella Don, 32 - 21062 Cadrezzate con Osmate (VA)",,,,
PagineGialle,palestre,Luino,Piscina,"Via Guanella Don, 116 - 21020 Cadrezzate con Osmate (VA)",,,,
PagineGialle,palestre,Luino,WhatsApp,"Via Donatello, 1 - 21100 Varese (VA)",,,,
PagineGialle,palestre,Somma Lombardo,Un assistente personale a tua disposizione!,"Via del Rile, 48 - 21019 Somma Lombardo (VA)",,,,
PagineGialle,palestre,Somma Lombardo,Piscina,"Via Sempione, 27 - 21011 Casorate Sempione (VA)",0331 982232,,,
PagineGialle,palestre,Somma Lombardo,Fitness Point A.S.D.: La tua palestra di fiducia a Sumirago,"Via 25 Aprile, 3 - 21040 Jerago con Orago (VA)",,,,
PagineGialle,palestre,Somma Lombardo,Wifi gratuito,"Via Cristoforo Negri, 8 - 28047 Oleggio (NO)",,,,
PagineGialle,palestre,Somma Lombardo,WhatsApp,"Via Dell' Industria, 1 - 21018 Sesto Calende (VA)",,,,
PagineGialle,palestre,Somma Lombardo,Associazione Sportiva Dilettantistica Fight Evolution,"Via Roma, 14 - 28053 Castelletto sopra Ticino (NO)","0331 256760, 320 2671289",,,
PagineGialle,palestre,Somma Lombardo,WhatsApp,"Via Sempione, 159 - 28053 Castelletto sopra Ticino (NO)",,,,
PagineGialle,palestre,Somma Lombardo,WhatsApp,"Corso Cavour, 110 - 28040 Dormelletto (NO)",,,,
PagineGialle,palestre,Somma Lombardo,Martino Rocco,"Via Novara, 5 - 21015 Lonate Pozzolo (VA)",0331 669901,,,
PagineGialle,palestre,Somma Lombardo,Punto Fitness,"Via 32 Ticinese, 15 - 28050 Pombia (NO)",0321 921052,,,
PagineGialle,palestre,Somma Lombardo,WhatsApp,"Viale Kennedy, SNC - 28021 Borgomanero (NO)",,,,
PagineGialle,palestre,Somma Lombardo,WhatsApp,"Via Monsignor Giovanni Cavigioli, 10/A - 28021 Borgomanero (NO)",,,,
PagineGialle,palestre,Somma Lombardo,Centro benessere,"Via Speri della Chiesa Jemoli, 7 - 21100 Varese (VA)",,,,
PagineGialle,palestre,Somma Lombardo,Corsi di fitness e ginnastica posturale a Varese e Como per tutte le età - Contattarmi per una prova gratuita,"Viale Ticino, 42 - 21026 Gavirate (VA)",,,,
PagineGialle,palestre,Somma Lombardo,WhatsApp,"Via Alberto da Giussano, 8 - 20025 Legnano (MI)",,,,
PagineGialle,palestre,Somma Lombardo,"Chinesiologo e Personal Trainer, programmi su misura per dimagrimento, mobilità articolare e aumento massa muscolare.","Via Luigi Roncari, 43a - 21023 Besozzo (VA)",,,,
PagineGialle,palestre,Somma Lombardo,Palestra privata su appuntamento,"Via Torquato Tasso, 13a - 20025 Legnano (MI)",,,,
PagineGialle,palestre,Somma Lombardo,Fans Fitness Borgomanero,"Corso Sempione, 133 - 28021 Borgomanero (NO)",335 6367206,,,
PagineGialle,palestre,Somma Lombardo,WhatsApp,"Via Gigante, 13 - 20025 Legnano (MI)",,,,
PagineGialle,palestre,Somma Lombardo,WhatsApp,"Via Trieste, 43 - 21023 Besozzo (VA)",,,,
PagineGialle,palestre,Somma Lombardo,Green Club Centro Sportivo,"Viale Rimembranze, 20 - 21053 Castellanza (VA)",0331 500125,,,
PagineGialle,palestre,Somma Lombardo,Palestra A.S.D. Nrg Ottantacinque,"Via Arona, 51 - 28021 Borgomanero (NO)","370 1291298, 393 8585170, 0322 845443",,,
PagineGialle,palestre,Somma Lombardo,Piscina,"Via S. Giorgio, 1 - 21057 Olgiate Olona (VA)",0331 982232,,,
PagineGialle,palestre,Somma Lombardo,Associazione Sportiva Dilettantistica Angioletti Arcangelo,"Via D. Alighieri, 5 - 21046 Malnate (VA)","0331 256760, 320 2671289",,,
PagineGialle,palestre,Somma Lombardo,WhatsApp,"Via della Liberta', 21 - 28021 Borgomanero (NO)",,,,
PagineGialle,palestre,Somma Lombardo,Club 24 S.a.s. di Pinciroli Serena & C.,"Via XXIV Maggio, 26 - 20020 Busto Garolfo (MI)","339 6216185, 0331 537430",,,
PagineGialle,palestre,Somma Lombardo,WhatsApp,"Via per Canegrate, 4 - 20025 Legnano (MI)",,,,
PagineGialle,palestre,Somma Lombardo,Fit 4 Health S.r.l.,"Via Matteotti Giacomo, 14 - 21053 Castellanza (VA)",0331 374532,,,
PagineGialle,palestre,Somma Lombardo,WhatsApp,"Via Europa, 6 - 20028 San Vittore Olona (MI)",,,,
PagineGialle,palestre,Somma Lombardo,WhatsApp,"Via De Simoni Carlo, 15 - 21049 Tradate (VA)",,,,
PagineGialle,palestre,Somma Lombardo,Parcheggio,"Via Magenta, 12 - 21052 Busto Arsizio (VA)",,,,
PagineGialle,palestre,Somma Lombardo,WhatsApp,"Via Osimo, 1 - 21052 Busto Arsizio (VA)",,,,
PagineGialle,palestre,Somma Lombardo,Palestra Olimpic Sport,"Via Novara, 31 - 28024 Gozzano (NO)","0322 94989, 0322 900313",,,
PagineGialle,palestre,Somma Lombardo,WhatsApp,"Via Dante Alighieri, 5 - 21052 Busto Arsizio (VA)",,,,
PagineGialle,palestre,Somma Lombardo,Polisportiva Daverio,"Via Verdi, 4 - 21020 Daverio (VA)","0332 949711, 340 0551088",,,
PagineGialle,palestre,Somma Lombardo,WhatsApp,"Via Bellini, 2 - 20028 San Vittore Olona (MI)",,,,
PagineGialle,palestre,Somma Lombardo,Tricerri Dott. Cesare,"Via Arona, 51 - 28021 Borgomanero (NO)","0322 845443, 347 2637871",,,
PagineGialle,palestre,Somma Lombardo,WhatsApp,"Via Guercino, 1 - 20022 Castano Primo (MI)",,,,
PagineGialle,palestre,Somma Lombardo,Piscina,"Via Quasimodo Salvatore, 18 - 20025 Legnano (MI)",0331 982232,,,
PagineGialle,palestre,Somma Lombardo,WhatsApp,"Via Campo dei Fiori, 24 - 21056 Induno Olona (VA)",,,,
PagineGialle,palestre,Somma Lombardo,Centro benessere,"Via Turati Filippo, 66 - 20023 Cerro Maggiore (MI)",,,,
PagineGialle,palestre,Somma Lombardo,WhatsApp,"Piazza Europa, 6 - 20028 San Vittore Olona (MI)",,,,
PagineGialle,palestre,Somma Lombardo,Piscina,"Via Crocefisso, 30 - 20022 Castano Primo (MI)",0331 982232,,,
PagineGialle,palestre,Somma Lombardo,Palestre Italiane,"Via Wagner, 18 - 20025 Legnano (MI)",0331 777554,,,
PagineGialle,palestre,Somma Lombardo,Piscina,"Via Correnti Cesare, 2 - 21100 Varese (VA)",0331 982232,,,
PagineGialle,palestre,Somma Lombardo,Piscina,Via Busona 13 - 21052 Busto Arsizio (VA),0331 982232,,,
PagineGialle,palestre,Somma Lombardo,Palestra di Valle Olona,Via Aquileia - 21100 Varese (VA),0332 255288,,,
PagineGialle,palestre,Cassano Magnago,Un assistente personale a tua disposizione!,"Via Venegoni Mauro, 23 - 21012 Cassano Magnago (VA)",,,,
PagineGialle,palestre,Cassano Magnago,WhatsApp,Via Lombardia - 21013 Gallarate (VA),,,,
PagineGialle,palestre,Cassano Magnago,Scrivici,"Via 25 Aprile, 3 - 21040 Jerago con Orago (VA)",,,,
PagineGialle,palestre,Cassano Magnago,MOVENS ART DI JERAGO CON ORAGO (VA) unisce due discipline: danza e fitness.,"Via S. Giorgio, 1 - 21057 Olgiate Olona (VA)",,,,
PagineGialle,palestre,Cassano Magnago,Centro Sole Luna Associazione Dapad,"Via Carabelli, 2 - 21040 Oggiona con Santo Stefano (VA)",349 4707685,,,
PagineGialle,palestre,Cassano Magnago,WhatsApp,"Via Mottarone, 3 - 21013 Gallarate (VA)",,,,
PagineGialle,palestre,Cassano Magnago,WhatsApp,"Via dei Ronchi, 8 - 21058 Solbiate Olona (VA)",,,,
PagineGialle,palestre,Cassano Magnago,Palestra You a New Experience,"Viale Milano, 53 - 21013 Gallarate (VA)",0331 781152,,,
PagineGialle,palestre,Cassano Magnago,WhatsApp,Piazza Giuseppe Mazzini - 21049 Tradate (VA),,,,
PagineGialle,palestre,Cassano Magnago,Fit Point S.a.s. di Raimondi Roberto & C.,"Via Verga Giovanni, 16 - 20027 Rescaldina (MI)",0331 465767,,,
PagineGialle,palestre,Cassano Magnago,Master Gym Club S.a.s.,"Via Chiesa Damiano, 22 - 21040 Venegono Inferiore (VA)","0331 865524, 346 0602124",,,
PagineGialle,palestre,Cassano Magnago,Up Level Signy S.r.l.,"Via delle Allodole, 1 - 21052 Busto Arsizio (VA)",0331 330909,,,
PagineGialle,palestre,Cassano Magnago,20 Hours Club,"Via Quasimodo Salvatore, 18 - 20025 Legnano (MI)","0331 578652, 337 1005567",,,
PagineGialle,palestre,Cassano Magnago,WhatsApp,"Via Pascoli Giovanni, 222 - 21050 Marnate (VA)",,,,
PagineGialle,palestre,Cassano Magnago,WhatsApp,"Via Roma, 1 - 20024 Garbagnate Milanese (MI)",,,,
PagineGialle,palestre,Cassano Magnago,PILATESTUDIO di Roberta Villa organizza corsi di pilates per tutte le età. È anche una insegnate di Yoga.,"Via Cristoforo Negri, 8 - 28047 Oleggio (NO)",338 1765275,,,
PagineGialle,palestre,Cassano Magnago,Piscina,"Via De Gasperi Alcide, 19 - 22072 Cermenate (CO)",0331 982232,,,
PagineGialle,palestre,Cassano Magnago,WhatsApp,"Via del del Fante Cosimo, 19 - 20025 Legnano (MI)",,,,
PagineGialle,palestre,Cassano Magnago,Piscina,"Via Mincio, 168 - 20020 Cesate (MI)",0331 982232,,,
PagineGialle,palestre,Cassano Magnago,Associazione Moving Varese,"Via Cavour Camillo Benso Conte Di, 6 - 21051 Arcisate (VA)",335 7041225,,,
PagineGialle,palestre,Cassano Magnago,WhatsApp,"Via Puccini Giacomo, 13 - 20045 Lainate (MI)",,,,
PagineGialle,palestre,Cassano Magnago,WhatsApp,"Via Monte Bianco, 19 - 21047 Saronno (VA)",,,,
PagineGialle,palestre,Cassano Magnago,Dynamic Up,"Via Moro A., 9 - 20815 Cogliate (MB)",329 2465831,,,
PagineGialle,palestre,Cassano Magnago,WhatsApp,"Via Sanvito Silvestro, 54 - 21100 Varese (VA)",,,,
PagineGialle,palestre,Cassano Magnago,Fitness Vertemate S.r.l.,"Via Nazionale, 3 - 22070 Vertemate con Minoprio (CO)",031 2496040,,,
PagineGialle,palestre,Cassano Magnago,WhatsApp,"Via Zenale, 25 - 20024 Garbagnate Milanese (MI)",,,,
PagineGialle,palestre,Cassano Magnago,Meeting Point Gym Asd,"Via Piave, 7 - 20815 Cogliate (MB)",02 96460612,,,
PagineGialle,palestre,Cassano Magnago,Miami Club di Caronni Claudio Filippo,"Via IV Novembre, 16 - 20824 Lazzate (MB)","02 96721000, 02 43419353",,,
PagineGialle,palestre,Cassano Magnago,Movin'Up Progetto Danza,"Via Caldara, 18 - 20020 Lainate (MI)",02 93257848,,,
PagineGialle,palestre,Cassano Magnago,New Gym Benessere di Luzzi Tonia,"Via Luini B., 1 - 22060 Cucciago (CO)",031 787078,,,
PagineGialle,palestre,Cassano Magnago,New Gym Sporting Club,"Via Principessa Mafalda, 15 - 20024 Garbagnate Milanese (MI)","347 9618996, 335 1483504",,,
PagineGialle,palestre,Erba,Un assistente personale a tua disposizione!,"Via Carlo Porta, 34 - 22036 Erba (CO)",,,,
PagineGialle,palestre,Erba,WhatsApp,"Via Cascina California, 6 - 22036 Erba (CO)",,,,
PagineGialle,palestre,Erba,Centro Sportivo Snef Lambrone,"Via della Liberta', 15 - 22036 Erba (CO)",031 3333556,,,
PagineGialle,palestre,Erba,Piscina,"Via Brianza, 3 - 22046 Merone (CO)",,,,
PagineGialle,palestre,Erba,MM Wellness A.S.D.,"Via Zara, 12 - 22037 Ponte Lambro (CO)",389 6120723,,,
PagineGialle,palestre,Erba,WhatsApp,"Via Zara, 12 - 22037 Ponte Lambro (CO)",,,,
PagineGialle,palestre,Erba,U.S. Acli Palestra Luna,"Via al Lambro, 2 - 22037 Ponte Lambro (CO)",031 622264,,,
PagineGialle,palestre,Erba,Palestra Zeronero,"Via Provinciale, 4 - 22040 Anzano del Parco (CO)",334 1176495,,,
PagineGialle,palestre,Erba,WhatsApp,"Via Corogna, 7 - 22031 Albavilla (CO)",,,,
PagineGialle,palestre,Erba,Piscina,"Viale Cesare Cattaneo, 12/A - 22063 Cantù (CO)",,,,
PagineGialle,palestre,Erba,WhatsApp,"Viale Carlo Cattaneo, 3 - 22100 Como (CO)",,,,
PagineGialle,palestre,Erba,WhatsApp,"Via Domea, 47 - 22063 Cantù (CO)",,,,
PagineGialle,palestre,Erba,Ginniteca,"Via Speri Tito, 11 - 22063 Cantù (CO)",031 711057,,,
PagineGialle,palestre,Erba,Colisseum Village,"Via Menotti Ciro, 27 - 22063 Cantù (CO)","031 4475510, 031 4490464",,,
PagineGialle,palestre,Erba,Bios Est Societa' Sportiva Dilettantistica S.r.l.,Via Porta C. - 23861 Cesana Brianza (LC),031 658258,,,
PagineGialle,palestre,Erba,Piscina,"Strada 36, 36 - 23846 Garbagnate Monastero (LC)",,,,
PagineGialle,palestre,Erba,WhatsApp,"Via Europa, 4 - 23846 Garbagnate Monastero (LC)",,,,
PagineGialle,palestre,Erba,WhatsApp,"Via Monte Baldo, 30 - 22063 Cantù (CO)",,,,
PagineGialle,palestre,Erba,Cantu Sporting Club Societa' Sportiva Dilettantistica S.r.l.,"Via Ponchielli Amilcare, 16 - 22063 Cantù (CO)",031 733700,,,
PagineGialle,palestre,Erba,Club Arti Orientali Cantu',"Via Ginevrina da Fossano, 60 - 22063 Cantù (CO)","348 3368425, 347 0961524",,,
PagineGialle,palestre,Erba,WhatsApp,"Via Einaudi Luigi, 4 - 22100 Como (CO)",,,,
PagineGialle,palestre,Erba,Cooperativa Sociale Colisseum Dimensione Movimento Soc. Coop. a R.L.,Via Molino - 22030 Montorfano (CO),031 2020390,,,
PagineGialle,palestre,Erba,Piscina,"Via Roma, 23 - 23890 Barzago (LC)",,,,
PagineGialle,palestre,Erba,WhatsApp,"Ss36, 10 - 23846 Garbagnate Monastero (LC)",,,,
PagineGialle,palestre,Erba,WhatsApp,"Via Cadorna, 18/B - 23845 Costa Masnaga (LC)",,,,
PagineGialle,palestre,Erba,Star'S Line Clinic,"Via Briantea, 1 - 22038 Tavernerio (CO)","340 4190266, 393 8716160, 031 420098",,,
PagineGialle,palestre,Erba,WhatsApp,"Via Ciceri Teresa, 23 - 22100 Como (CO)",,,,
PagineGialle,palestre,Erba,WhatsApp,"Via Magenta, 20 - 22100 Como (CO)",,,,
PagineGialle,palestre,Erba,New Body Line,"Via Col di Lana, 3/A - 22100 Como (CO)",031 279771,,,
PagineGialle,palestre,Erba,Stendhal Sporting Club,Via Dante Alighieri - 23848 Oggiono (LC),0341 1570410,,,
PagineGialle,palestre,Erba,Palestra Comunale,Via Verdi - 23845 Costa Masnaga (LC),348 5118166,,,
PagineGialle,palestre,Erba,Vita Sana Studio,"Via Porta Mugnaia, 17 - 20853 Biassono (MB)",339 5841613,,,
PagineGialle,palestre,Erba,Studio Vita Sana: Il tuo spazio per l’equilibrio tra Corpo e Mente.,"Via Bainsizza, 18/A - 23900 Lecco (LC)",,,,
PagineGialle,palestre,Erba,Alla Gymnasium Lecco in via Bainsizza 18 a Lecco potrai trovare l'allenamento e il corso giusto per te.,"Via Tripoli, 45 - 20851 Lissone (MB)",,,,
PagineGialle,palestre,Erba,"A Lissone (MB), Rovera: attrezzature sportive per l'home fitness dal 1950.","Via Statale, 11 - 23807 Merate (LC)",,,,
PagineGialle,palestre,Erba,Easy Life,"Via Bergamo, 27 - 23851 Galbiate (LC)",0341 240052,,,
PagineGialle,palestre,Erba,Marco Abis | Personal Trainer Lecco & Coach Online,"Via Besonda Superiore, 18 - 23900 Lecco (LC)",349 2924392,,,
PagineGialle,palestre,Erba,WhatsApp,"Via Pola, 23 - 20833 Giussano (MB)",,,,
PagineGialle,palestre,Erba,WhatsApp,"Via Oliveti, 33 - 23826 Mandello del Lario (LC)",,,,
PagineGialle,palestre,Erba,WhatsApp,"Via Montelungo, 8 - 20851 Lissone (MB)",,,,
PagineGialle,palestre,Erba,WhatsApp,"Via Fiumicella, 25 - 23900 Lecco (LC)",,,,
PagineGialle,palestre,Erba,Bemax - S.r.l.,"Via De Gasperi Alcide, 19 - 22072 Cermenate (CO)","031 772009, 333 2656608, 328 2673422",,,
PagineGialle,palestre,Erba,WhatsApp,"Via Barzaghi L., 9 - 20843 Verano Brianza (MB)",,,,
PagineGialle,palestre,Erba,WhatsApp,"Via S. Gregorio, 25 - 20862 Arcore (MB)",,,,
PagineGialle,palestre,Erba,WhatsApp,"Via Nazionale dei Giovi, 45/B - 20811 Cesano Maderno (MB)",,,,
PagineGialle,palestre,Erba,WhatsApp,"Via Vitalba Paolo, 9/C - 23801 Calolziocorte (LC)",,,,
PagineGialle,palestre,Erba,Siluella,"Via Chiesa Damiano, 4 - 22066 Mariano Comense (CO)",031 751479,,,
PagineGialle,palestre,Erba,As Casate Sport Palestre Comunale,"Via Volta Alessandro, 44 - 23880 Casatenovo (LC)","340 1595723, 039 9960788",,,
PagineGialle,palestre,Erba,WhatsApp,"Via Visconta, 2 - 20842 Besana in Brianza (MB)",,,,
PagineGialle,palestre,Erba,Associazione Sportiva Studio Delta 84,"Via Cavour Camillo Benso Conte Di, 90 - 20831 Seregno (MB)",0362 223289,,,
PagineGialle,palestre,Erba,Athletic Club Gymnasium Sas,"Piazzetta San Luigi, 3 - 20833 Giussano (MB)",0362 280569,,,
PagineGialle,palestre,Erba,Athletic Club Gymnasium Sas,"Via Cairoli Fratelli, 44 - 20831 Seregno (MB)",0362 280569,,,
PagineGialle,palestre,Erba,Bentivoglio Maria Francesca,"Via Parini Giuseppe, 26 - 23900 Lecco (LC)",335 8233952,,,
PagineGialle,palestre,Erba,WhatsApp,"Via Cavour, 5 - 23826 Mandello del Lario (LC)",,,,
PagineGialle,palestre,Erba,WhatsApp,"Via S. Eutichio, 3 - 22100 Como (CO)",,,,
PagineGialle,palestre,Erba,WhatsApp,"Via Resegone, 24/A - 20857 Camparada (MB)",,,,
PagineGialle,palestre,Erba,Cf Maverick S.r.l. Sportiva Dilettantistica,"Via della Misericordia, 39 - 20854 Vedano al Lambro (MB)",039 6364490,,,
PagineGialle,palestre,Erba,Cobra Associazione Sportiva Dilettantistica,"Via Maroncelli Pietro, 14 - 20831 Seregno (MB)",0362 237516,,,
PagineGialle,palestre,Erba,Corsi Shiatsu,"Corso Carlo Alberto, 76 - 23900 Lecco (LC)","335 5877537, 339 8093886",,,
PagineGialle,palestre,Erba,WhatsApp,"Via Consorziale dei Boschi, 5 - 20821 Meda (MB)",,,,
PagineGialle,palestre,Erba,WhatsApp,"Via Strauss, 20 - 20831 Seregno (MB)",,,,
PagineGialle,palestre,Erba,WhatsApp,"Via Moro A., 9 - 20815 Cogliate (MB)",,,,
PagineGialle,palestre,Erba,WhatsApp,86/B - 20853 Biassono (MB),,,,
PagineGialle,palestre,Erba,WhatsApp,"Via Mazzini Giuseppe, 86 - 20853 Biassono (MB)",,,,
PagineGialle,palestre,Erba,WhatsApp,"Via Parini Giuseppe, 33 - 23900 Lecco (LC)",,,,
PagineGialle,palestre,Erba,WhatsApp,"Via Catalani Alfredo, 112 - 20833 Giussano (MB)",,,,
PagineGialle,palestre,Erba,Eurodinamic S.r.l.,"Via Croce Benedetto, 1 - 20821 Meda (MB)",0362 1918530,,,
PagineGialle,palestre,Erba,Figurella,"Via Cavour, 58/A - 23900 Lecco (LC)",0341 369916,,,
PagineGialle,palestre,Erba,Fit Lab Societa' Sportiva Dilettantistica a R.L.,"Via Cialdini Generale, 25 - 20811 Cesano Maderno (MB)","0362 288642, 389 5743152",,,
PagineGialle,palestre,Erba,WhatsApp,"Via Parco, 47 - 20853 Biassono (MB)",,,,
PagineGialle,palestre,Erba,WhatsApp,"Via Tasso T., 8 - 20825 Barlassina (MB)",,,,
PagineGialle,palestre,Erba,Piscina,"Via Greppi Mario, 34 - 23899 Robbiate (LC)",,,,
PagineGialle,palestre,Erba,Fitness Brivio S.r.l.,"Via Airuno, 17/A - 23883 Brivio (LC)",039 2272882,,,
PagineGialle,palestre,Erba,Fitness Lecco Via Belfiore S.r.l.,Via Belfiore - 23900 Lecco (LC),0341 591295,,,
PagineGialle,palestre,Erba,Fitness Seregno S.r.l.,"Via Montorfano, 98 - 20831 Seregno (MB)",345 8535130,,,
PagineGialle,palestre,Erba,Fitwomen,"Largo Europa, 2 - 20833 Giussano (MB)",0362 050623,,,
PagineGialle,palestre,Erba,Frimas Vitalba Fitness Club Societa' Sportiva Dilettantistica a R.L.,"Via Vitalba Paolo, 9 - 23801 Calolziocorte (LC)",0341 651926,,,
PagineGialle,palestre,Erba,Ginnifit S.r.l.,"Via Santa Maria Maddalena, 73 - 22060 Arosio (CO)",031 763068,,,
PagineGialle,palestre,Erba,Il Sogno A.S.D.,"Strada di Pescaia Comune Siena, 60 - 20842 Besana in Brianza (MB)",392 9772722,,,
PagineGialle,palestre,Erba,WhatsApp,"Via Pellico Silvio, 26 - 20833 Giussano (MB)",,,,
PagineGialle,palestre,Erba,WhatsApp,"Via Lombardia, 81 - 22063 Cantù (CO)",,,,
PagineGialle,palestre,Erba,WhatsApp,"Via Ferrari Cardinale Gaudenzio, 36 - 22066 Mariano Comense (CO)",,,,
PagineGialle,palestre,Erba,WhatsApp,"Via Vittorio Veneto, 18 - 20853 Biassono (MB)",,,,
PagineGialle,palestre,Erba,WhatsApp,"Via Piave, 7 - 20815 Cogliate (MB)",,,,
PagineGialle,palestre,Erba,Mondo Fitness Srl,"Via Ca' De Volpi, 7 - 24034 Cisano Bergamasco (BG)",328 9549627,,,
PagineGialle,palestre,Erba,WhatsApp,"Via Luini B., 1 - 22060 Cucciago (CO)",,,,
PagineGialle,palestre,Erba,Olympiatek,"Via Elli Angelo, 2 - 20833 Giussano (MB)",0362 1793401,,,
PagineGialle,palestre,Erba,Olympus Avant S.S. Dilettantistica a Responsabilita' Limitata,Via della Industria - 22070 Cassina Rizzardi (CO),"347 6105700, 351 6902080, 031 921454",,,
PagineGialle,palestre,Erba,Piscina,"Via Aliprandi Federico, 69 - 20851 Lissone (MB)",,,,
PagineGialle,palestre,Erba,WhatsApp,"Via Varenna, 21 - 20833 Giussano (MB)",,,,
PagineGialle,palestre,Erba,WhatsApp,"Via Giovanni Lurani Cernuschi, 1 - 23870 Cernusco Lombardone (LC)",,,,
PagineGialle,palestre,Erba,Palestra King'S,"Via Rossini Gioacchino, 6 - 20851 Lissone (MB)","039 481340, 347 2647450",,,
PagineGialle,palestre,Erba,WhatsApp,"Via Campi, 17 - 23807 Merate (LC)",,,,
PagineGialle,palestre,Erba,Palextra Conca Verde S.a.s. di Annunziata Giuseppe e C.,"Via Lazzaretto, 8 - 22021 Bellagio (CO)",031 951363,,,
PagineGialle,palestre,Erba,Pertus S.r.l.,"Via Azzeccagarbugli, 1 - 23900 Lecco (LC)","0341 350064, 0341 291389",,,
PagineGialle,palestre,Erba,Pull S.r.l.,"Via delle Grigne, 28 - 20831 Seregno (MB)",031 3869334,,,
PagineGialle,palestre,Erba,Pull S.r.l.,"Via Marisa Bellisario, 6 - 20825 Barlassina (MB)",031 3869334,,,
PagineGialle,palestre,Erba,Rtr S.r.l.,"Piazza Pertini, 1 - 23885 Calco (LC)",039 5788088,,,
PagineGialle,palestre,Erba,Scherma Desio Societa' Sportiva Dilettantistica a Responsabilita' Limitata,"Via Santa Caterina, 15 - 20832 Desio (MB)",0362 302278,,,
PagineGialle,palestre,Erba,Siluella International Liguria S.r.l.,"Via Rismondo Francesco, 18 - 20831 Seregno (MB)",031 751479,,,
PagineGialle,palestre,Erba,Societa' Sportiva Gymnasium 101,"Via Dante Alighieri, 6 - 22066 Mariano Comense (CO)",031 743314,,,
PagineGialle,palestre,Erba,WhatsApp,"Via Leonardo da Vinci, 42 - 23891 Barzanò (LC)",,,,
PagineGialle,palestre,Erba,Studio Pilates IV di Antonella Pozzi,"Via Palestro, 30 - 23900 Lecco (LC)","0341 254896, 348 9010666",,,
PagineGialle,palestre,Erba,WhatsApp,"Viale Martiri della Liberta', 63 - 20851 Lissone (MB)",,,,
PagineGialle,palestre,Erba,Think Blue Consulting & Solutions S.r.l.,"Via Amendola Giovanni, 9/C - 20832 Desio (MB)","0362 638932, 0362 628317",,,
PagineGialle,palestre,Erba,WhatsApp,"Via Maggi Carlo Maria, 41 - 20855 Lesmo (MB)",,,,
PagineGialle,palestre,Erba,Total Workout 3 S.a.s. di dell'Orto Giovanni & C.,"Via Cuzzi Giuseppe, 2 - 23873 Missaglia (LC)",039 9241152,,,
PagineGialle,palestre,Erba,Unione Sportiva Alfonso Casati,"Via XXV Aprile, 3 - 20862 Arcore (MB)","039 617210, 339 5428189",,,
PagineGialle,palestre,Erba,Unione Sportiva Alfonso Casati,"Via San Gregorio, 23 - 20862 Arcore (MB)","039 617210, 339 5428189",,,
PagineGialle,palestre,Erba,Unione Sportiva Alfonso Casati,Via Edison - 20862 Arcore (MB),"039 617210, 339 5428189",,,
PagineGialle,palestre,Erba,Virtus Gyn S.a.s. di Melazzi Enzo e C,"Via Statale, 20 - 22016 Tremezzina (CO)",0344 55190,,,
PagineGialle,palestre,Erba,Residenza Bellagio,"Via La Mazzina, 14 - 22021 Bellagio (CO)",031 9569111,,,
PagineGialle,palestre,Erba,Parcheggio,"Via Monsignor Federico Colombo, 3 - 23807 Merate (LC)",,,,
PagineGialle,palestre,Erba,WhatsApp,"Via Manzoni Alessandro, 40 - 20823 Lentate sul Seveso (MB)",,,,
PagineGialle,palestre,Erba,Piscina,"Via Einaudi, 67/69 - 20821 Meda (MB)",,,,
PagineGialle,palestre,Erba,WhatsApp,"Via Cantarelli, 7 - 23900 Lecco (LC)",,,,
PagineGialle,palestre,Erba,Audace Palestre,"Via Dell' Isola, 3/A - 23900 Lecco (LC)",0341 081890,,,
PagineGialle,palestre,Erba,Aurea Fitness,"Via Leonardo da Vinci, 11 - 23900 Lecco (LC)",0341 353524,,,
PagineGialle,palestre,Erba,Body & Mind,"Via XXV Aprile, 14 - 23854 Olginate (LC)",375 7034599,,,
PagineGialle,palestre,Erba,Piscina,"Via Puecher Giancarlo, 6 - 22100 Como (CO)",,,,
PagineGialle,palestre,Erba,Piscina,"Via Tiziano Vecellio, 36 - 20825 Barlassina (MB)",,,,
PagineGialle,palestre,Erba,Don Milani,"Via Deledda Grazia, 2 - 22100 Como (CO)","031 531983, 031 501400",,,
PagineGialle,palestre,Erba,Dove fare kung fu a Roma,"Via La Mazzina, 14 - 22021 Bellagio (CO)",,,,
PagineGialle,palestre,Lomazzo,Un assistente personale a tua disposizione!,"Via Monte Generoso, 19 - 22074 Lomazzo (CO)",,,,
PagineGialle,palestre,Lomazzo,Piscina,"Via Roma, 16 - 22070 Limido Comasco (CO)",,,,
PagineGialle,palestre,Lomazzo,Piscina,"Via Nazionale, 3 - 22070 Vertemate con Minoprio (CO)",,,,
PagineGialle,palestre,Lomazzo,Up Level Signy S.r.l.,"Via Europa Unita, 82 - 22072 Cermenate (CO)",031 736619,,,
PagineGialle,palestre,Lomazzo,20hours Gyms - Club Vertemate,Via Provinciale per Bulgorello - 22070 Vertemate con Minoprio (CO),"031 901030, 393 9748753",,,
PagineGialle,palestre,Lomazzo,WhatsApp,"Viale Cesare Cattaneo, 12/A - 22063 Cantù (CO)",,,,
PagineGialle,palestre,Lomazzo,Piscina,"Via Nazionale dei Giovi, 45/B - 20811 Cesano Maderno (MB)",,,,
PagineGialle,palestre,Lomazzo,WhatsApp,"Via Manzoni Alessandro, 143 - 21040 Uboldo (VA)",,,,
PagineGialle,palestre,Lomazzo,Cantu Fitness S.r.l.,"Via Monte Baldo, 30 - 22063 Cantù (CO)",031 7186918,,,
PagineGialle,palestre,Lomazzo,Castiglioni Cartotecnica S.r.l.,"Via Varese, 9 - 22076 Mozzate (CO)","0331 832818, 0331 823623, 0331 832088",,,
PagineGialle,palestre,Lomazzo,WhatsApp,"Via Ginevrina da Fossano, 60 - 22063 Cantù (CO)",,,,
PagineGialle,palestre,Lomazzo,WhatsApp,"Corso Italia, 82 - 21047 Saronno (VA)",,,,
PagineGialle,palestre,Lomazzo,Fitland - Societa' Sportiva Dilettantistica a Responsabilita' Limitata,"Via Tasso T., 8 - 20825 Barlassina (MB)","0362 585582, 0362 569049, 0362 569034",,,
PagineGialle,palestre,Lomazzo,Piscina,"Via Battisti Cesare, 1473 - 21040 Cislago (VA)",,,,
PagineGialle,palestre,Lomazzo,Leonardo Fazzioli,"Via Lombardia, 81 - 22063 Cantù (CO)",347 0933927,,,
PagineGialle,palestre,Lomazzo,Piscina,"Via Passerini, 16 - 21049 Tradate (VA)",,,,
PagineGialle,palestre,Lomazzo,WhatsApp,"Via Marisa Bellisario, 6 - 20825 Barlassina (MB)",,,,
PagineGialle,palestre,Lomazzo,WhatsApp,"Via Dante Alighieri, 6 - 22066 Mariano Comense (CO)",,,,
PagineGialle,palestre,Lomazzo,Piscina,Via Galilei Galileo - 21040 Gerenzano (VA),,,,
PagineGialle,palestre,Lomazzo,WhatsApp,"Via Tiziano Vecellio, 36 - 20825 Barlassina (MB)",,,,
PagineGialle,palestre,Lomazzo,WhatsApp,"Via Porta Mugnaia, 17 - 20853 Biassono (MB)",,,,
PagineGialle,palestre,Lomazzo,WhatsApp,"Via Madonna, 19 - 20037 Paderno Dugnano (MI)",,,,
PagineGialle,palestre,Lomazzo,WhatsApp,"Via Eliseo Vismara, 2 - 20044 Arese (MI)",,,,
PagineGialle,palestre,Lomazzo,WhatsApp,"Via Vincenzo Monti, 8 - 20854 Vedano al Lambro (MB)",,,,
PagineGialle,palestre,Lomazzo,Scrivici,"Via Roma, 1 - 20024 Garbagnate Milanese (MI)",,,,
PagineGialle,palestre,Lomazzo,PILATESTUDIO di Roberta Villa organizza corsi di pilates per tutte le età. È anche una insegnate di Yoga.,"Via 25 Aprile, 3 - 21040 Jerago con Orago (VA)",338 1765275,,,
PagineGialle,palestre,Lomazzo,Wifi gratuito,"Via Giovanni Cimabue, 36/38 - 20032 Cormano (MI)",,,,
PagineGialle,palestre,Lomazzo,Orario continuato,"Via Speri della Chiesa Jemoli, 7 - 21100 Varese (VA)",,,,
PagineGialle,palestre,Lomazzo,Centro benessere,"Via Tripoli, 45 - 20851 Lissone (MB)",,,,
PagineGialle,palestre,Lomazzo,"A Lissone (MB), Rovera: attrezzature sportive per l'home fitness dal 1950.","Viale Carlo Cattaneo, 3 - 22100 Como (CO)",,,,
PagineGialle,palestre,Lomazzo,WhatsApp,"Via Nino Bixio, 18 - 21040 Vedano Olona (VA)",,,,
PagineGialle,palestre,Lomazzo,Corsi di fitness e ginnastica posturale a Varese e Como per tutte le età - Contattarmi per una prova gratuita,"Via Carlo Rossini, 58 - 21049 Tradate (VA)",,,,
PagineGialle,palestre,Lomazzo,Centro Danza Fitness,"Via Isonzo, 160 - 21042 Caronno Pertusella (VA)",329 3033083,,,
PagineGialle,palestre,Lomazzo,MaxiFit Bollate - Palestra,"Via Trento, 61 - 20021 Bollate (MI)",02 36560823,,,
PagineGialle,palestre,Lomazzo,MM Wellness A.S.D.,"Via Carlo Porta, 34 - 22036 Erba (CO)",389 6120723,,,
PagineGialle,palestre,Lomazzo,WhatsApp,"Via San Gottardo, 74 - 20900 Monza (MB)",,,,
PagineGialle,palestre,Lomazzo,nextraininglab,"Via Pola, 23 - 20833 Giussano (MB)",379 1986210,,,
PagineGialle,palestre,Lomazzo,WhatsApp,"Via Oratorio, 44 - 20016 Pero (MI)",,,,
PagineGialle,palestre,Lomazzo,WhatsApp,"Via Ambrogio Bazzero, 7 - 20812 Limbiate (MB)",,,,
PagineGialle,palestre,Lomazzo,"Palestra in Action - Fitness, Zumba, Pilates, Sala Pesi,Paderno Dugnano","Via Paolo Magretti, 15 - 20037 Paderno Dugnano (MI)",02 42447516,,,
PagineGialle,palestre,Lomazzo,WhatsApp,"Via Torquato Tasso, 13a - 20025 Legnano (MI)",,,,
PagineGialle,palestre,Lomazzo,Societa' Sportiva Dilettantistica Idea Fissa S.r.l.,"Via San Francesco D'Assisi, 21 - 20835 Muggiò (MB)",031 733700,,,
PagineGialle,palestre,Lomazzo,Aero Gravity,"Via D'Annunzio, 23 - 20016 Pero (MI)",02 45471432,,,
PagineGialle,palestre,Lomazzo,Desio Back School,"Via Santa Liberata, 9 - 20832 Desio (MB)","0362 631431, 335 8170877",,,
PagineGialle,palestre,Lomazzo,618 Wellness Club,"Via Barzaghi L., 9 - 20843 Verano Brianza (MB)","0362 800718, 0362 992757, 348 4398492",,,
PagineGialle,palestre,Lomazzo,WhatsApp,"Via Gramsci Antonio, 33 - 20032 Cormano (MI)",,,,
PagineGialle,palestre,Lomazzo,Well - B S.r.l. Societa' Sportiva Dilettantistica,"Via Stelvio, 7/9 - 20026 Novate Milanese (MI)","02 33240435, 02 39100234",,,
PagineGialle,palestre,Lomazzo,Alma S.r.l. Societa' Sportiva Dilettantistica Senza Scopo di Lucro,"Via Scarlatti Domenico, 12 - 20037 Paderno Dugnano (MI)","02 52518769, 02 9103527",,,
PagineGialle,palestre,Lomazzo,Alma S.r.l. Societa' Sportiva Dilettantistica Senza Scopo di Lucro,"Via di Vittorio Giuseppe, 5 - 20037 Paderno Dugnano (MI)","02 52518769, 02 9103527",,,
PagineGialle,palestre,Lomazzo,Alter Ego S.r.l.,"Via Volta Alessandro, 53 - 22100 Como (CO)","340 7575190, 031 262862",,,
PagineGialle,palestre,Lomazzo,WhatsApp,"Via Roma, 21 - 20834 Nova Milanese (MB)",,,,
PagineGialle,palestre,Lomazzo,Ap13 S.r.l.,"Via Regina Teodolinda, 17 - 22100 Como (CO)",031 6125016,,,
PagineGialle,palestre,Lomazzo,Asa Societa' Sportiva Dilettantistica S.r.l.,"Via Visconta, 2 - 20842 Besana in Brianza (MB)",0362 994563,,,
PagineGialle,palestre,Lomazzo,A.S.D. Gold Academy Boxing Team,"Via Mincio, 168 - 20020 Cesate (MI)",02 23664910,,,
PagineGialle,palestre,Lomazzo,A.S.D. Wa Yu Kai F.A.M. Muggio',"Via Casati Alfonso, 4 - 20835 Muggiò (MB)",039 793609,,,
PagineGialle,palestre,Lomazzo,WhatsApp,"Corso Milano, 88 - 20813 Bovisio Masciago (MB)",,,,
PagineGialle,palestre,Lomazzo,Bar Royal S.r.l.s.,"Via Mugiasca, 9 - 22100 Como (CO)",031 261663,,,
PagineGialle,palestre,Lomazzo,Benesseria S.r.l. Sportiva Dilettantistica,"Via Lamarmora Alfonso Ferrero, 35 - 20037 Paderno Dugnano (MI)",02 58127169,,,
PagineGialle,palestre,Lomazzo,Body & Mind Center Fitness di Monica Rizzi,"Strada 36, 36 - 23846 Garbagnate Monastero (LC)",375 7034599,,,
PagineGialle,palestre,Lomazzo,WhatsApp,"Via Brianza, 3 - 22046 Merone (CO)",,,,
PagineGialle,palestre,Lomazzo,WhatsApp,"Via Castelli Fiorenza, 1/3 - 20017 Rho (MI)",,,,
PagineGialle,palestre,Lomazzo,WhatsApp,"Via Toscana, 11 - 20900 Monza (MB)",,,,
PagineGialle,palestre,Lomazzo,WhatsApp,"Via della Misericordia, 39 - 20854 Vedano al Lambro (MB)",,,,
PagineGialle,palestre,Lomazzo,Cf. Monza A.S.D.,"Via Negrelli Luigi, 58 - 20851 Lissone (MB)",328 4751728,,,
PagineGialle,palestre,Lomazzo,WhatsApp,"Via Maroncelli Pietro, 14 - 20831 Seregno (MB)",,,,
PagineGialle,palestre,Lomazzo,Cooperativa An.Fa,"Via Abruzzi, 10 - 20811 Cesano Maderno (MB)","348 7089703, 335 6579807",,,
PagineGialle,palestre,Lomazzo,WhatsApp,Via Molino - 22030 Montorfano (CO),,,,
PagineGialle,palestre,Lomazzo,Piscina,"Via Monte Cervino, 3 - 20900 Monza (MB)",,,,
PagineGialle,palestre,Lomazzo,De Luca Francesco,"Via S. Stefano, 25 - 20854 Vedano al Lambro (MB)",039 9160814,,,
PagineGialle,palestre,Lomazzo,Eagle Combat A.S.D.,86/B - 20853 Biassono (MB),393 9030036,,,
PagineGialle,palestre,Lomazzo,Allenamento cardio: si può fare a digiuno e quali benefici,"Via La Mazzina, 14 - 22021 Bellagio (CO)",,,,
PagineGialle,palestre,Stresa,Un assistente personale a tua disposizione!,"Via Lamarmora Alfonso, 17 - 28921 Verbania (VB)",,,,
PagineGialle,palestre,Stresa,Centro estetico,"Via Luigi Comoli, 152 - 28887 Omegna (VB)",,,,
PagineGialle,palestre,Stresa,Studio Personal Trainer,"Via Luigi Roncari, 43a - 21023 Besozzo (VA)",328 9517391,,,
PagineGialle,palestre,Stresa,Piscina,"Via Oddino Pietra, 37 - 28887 Omegna (VB)",,,,
PagineGialle,palestre,Stresa,Studio L di De Guarinoni Laura,"Via Franzosini Leopoldo, 33/A - 28921 Verbania (VB)","0323 556004, 347 8719662, 348 3925980",,,
PagineGialle,palestre,Stresa,Piscina,"Via Volturno, 44 - 28921 Verbania (VB)",,,,
PagineGialle,palestre,Stresa,A.S.D. TEAM DEIANA,"Viale Kennedy, SNC - 28021 Borgomanero (NO)",338 9620096,,,
PagineGialle,palestre,Stresa,WhatsApp,"Corso 25 Aprile, 16 - 21016 Luino (VA)",,,,
PagineGialle,palestre,Stresa,WhatsApp,"Via Arona, 51 - 28021 Borgomanero (NO)",,,,
PagineGialle,palestre,Stresa,Piscina,"Via Guanella Don, 32 - 21062 Cadrezzate con Osmate (VA)",,,,
PagineGialle,palestre,Stresa,WhatsApp,"Via Novara, 31 - 28024 Gozzano (NO)",,,,
PagineGialle,palestre,Stresa,WhatsApp,"Piazzale Lodi, 1 - 28887 Omegna (VB)",,,,
PagineGialle,palestre,Stresa,WhatsApp,"Viale Padre Gian Battista Aguggiari, 77 - 21100 Varese (VA)",,,,
PagineGialle,palestre,Stresa,Fitness Point A.S.D.: La tua palestra di fiducia a Sumirago,"Via Speri della Chiesa Jemoli, 7 - 21100 Varese (VA)",,,,
PagineGialle,palestre,Stresa,Orario continuato,"Via Camillo Benso di Cavour, 6 - 21051 Arcisate (VA)",,,,
PagineGialle,palestre,Stresa,Centro benessere,"Via Leonardo da Vinci, 7 - 21100 Varese (VA)",,,,
PagineGialle,palestre,Stresa,Piscina,Localita' Cinzanino Palestra di Roccia - 21061 Maccagno con Pino e Veddasca (VA),,,,
